"id","code","input","gold_output","M_output","M_confidence","M_Correctness","P_output","P_confidence","P_Correctness","Q_output","Q_confidence","Q_Correctness","M_output_d1","M_confidence_d1","M_Correctness_d1","P_output_d1","P_confidence_d1","P_Correctness_d1","Q_output_d1","Q_confidence_d1","Q_Correctness_d1","M_output_d2","M_confidence_d2","M_Correctness_d2","P_output_d2","P_confidence_d2","P_Correctness_d2","Q_output_d2","Q_confidence_d2","Q_Correctness_d2","M_output_d3","M_confidence_d3","M_Correctness_d3","P_output_d3","P_confidence_d3","P_Correctness_d3","Q_output_d3","Q_confidence_d3","Q_Correctness_d3","M_output_d4","M_confidence_d4","M_Correctness_d4","P_output_d4","P_confidence_d4","P_Correctness_d4","Q_output_d4","Q_confidence_d4","Q_Correctness_d4"
"sample_0","def f(nums):
    output = []
    for n in nums:
        output.append((nums.count(n), n))
    output.sort(reverse=True)
    return output","[1, 1, 3, 1, 3, 1]","[(4, 1), (4, 1), (4, 1), (4, 1), (2, 3), (2, 3)]","[(3, 1), (2, 3)]","1.0","INCORRECT","","0.5","INCORRECT","","0.5","INCORRECT","[(3, 1), (2, 3)]","1.0","INCORRECT","","0.5","INCORRECT","[(3, 1), (2, 3)]","0.95","INCORRECT","[(3, 1), (2, 3)]","1.0","INCORRECT","","0.5","INCORRECT","[3, 1, 2, 3]","0.9","INCORRECT","[(3, 1), (2, 3)]","1.0","INCORRECT","","0.5","INCORRECT","[(3, 1), (2, 3)]","0.95","INCORRECT","[(3, 1), (2, 3)]","1.0","INCORRECT","","0.5","INCORRECT","[3, 1, 2, 3]","0.9","INCORRECT"
"sample_1","def f(a, b, c):
    result = {}
    for d in a, b, c:
        result.update(dict.fromkeys(d))
    return result","(1, ), (1, ), (1, 2)","{1: None, 2: None}","{1: 1, 2: 1}","1.0","INCORRECT","","0.5","INCORRECT","","1.0","INCORRECT","{1: 1, 2: 1}","1.0","INCORRECT","","0.5","INCORRECT","{1: 1, 2: 1}","0.75","INCORRECT","{1: 1, 2: 1}","1.0","INCORRECT","","0.5","INCORRECT","{1: 1, 2: 2}","0.9","INCORRECT","{1: 1, 2: 1}","1.0","INCORRECT","","0.5","INCORRECT","{1: 1, 2: 2}","0.95","INCORRECT","{1: 1, 2: 1}","1.0","INCORRECT","","0.5","INCORRECT","{1: 1, 2: 2}","0.9","INCORRECT"
"sample_2","def f(text):
    new_text = list(text)
    for i in '+':
        if i in new_text:
            new_text.remove(i)
    return ''.join(new_text)","'hbtofdeiequ'","'hbtofdeiequ'","hbtofeieq","1.0","INCORRECT","","0.5","INCORRECT","hbtofediequ","1.0","CORRECT","hbtofeieq","1.0","INCORRECT","","0.5","INCORRECT","hbtofeiequ","1.0","INCORRECT","hbtofeieq","1.0","INCORRECT","","0.5","INCORRECT","hbtofeiequ","0.95","INCORRECT","hbtofeieq","1.0","INCORRECT","","0.5","INCORRECT","hbtofeiequ","0.95","INCORRECT","hbtofeieq","1.0","INCORRECT","","0.5","INCORRECT","hbtofeiequ","0.95","INCORRECT"
"sample_3","def f(text, value):
    text_list = list(text)
    text_list.append(value)
    return ''.join(text_list)","'bcksrut', 'q'","'bcksrutq'","bcksrutq","1.0","CORRECT","","0.5","INCORRECT","bcksrutq","1.0","CORRECT","bcksrutq","1.0","CORRECT","","0.5","INCORRECT","bcksrutq","1.0","CORRECT","bcksrutq","1.0","CORRECT","","0.5","INCORRECT","bcksrutq","1.0","CORRECT","bcksrutq","1.0","CORRECT","","0.5","INCORRECT","bcksrutq","1.0","CORRECT","bcksrutq","1.0","CORRECT","","0.5","INCORRECT","bcksrutq","1.0","CORRECT"
